spin10,highest_weight_D3xA1xA1,dim_su4,dim_su2_1,dim_su2_2,multiplicity
16,"(1/2,1/2,-1/2,1/2,0)",4,2,1,1
16,"(1/2,1/2,1/2,0,1/2)",4,1,2,1
10,"(1,0,0,0,0)",6,1,1,1
10,"(0,0,0,1/2,1/2)",1,2,2,1
126,"(1,1,0,1/2,1/2)",15,2,2,1
126,"(1,1,-1,1,0)",10,3,1,1
126,"(1,1,1,0,1)",10,1,3,1
126,"(1,0,0,0,0)",6,1,1,1
120,"(1,1,0,1/2,1/2)",15,2,2,1
120,"(1,1,-1,0,0)",10,1,1,1
120,"(1,1,1,0,0)",10,1,1,1
120,"(1,0,0,0,1)",6,1,3,1
120,"(1,0,0,1,0)",6,3,1,1
120,"(0,0,0,1/2,1/2)",1,2,2,1
45,"(1,1,0,0,0)",15,1,1,1
45,"(1,0,0,1/2,1/2)",6,2,2,1
45,"(0,0,0,0,1)",1,1,3,1
45,"(0,0,0,1,0)",1,3,1,1
