group,n,h,xi,order,nu16_xi_mod1,nu32_xi_mod1,nu48_xi_mod1
Spin-Z4,2,1,1/16,16,0,0,0
Spin-Z4,6,1,5/16,16,0,0,0
Spin-Z8,2,2,1/16,16,0,0,0
Spin-Z8,4,1,5/32,32,1/2,0,1/2
Spin-Z8,4,3,3/32,32,1/2,0,1/2
Spin-Z8,6,2,5/16,16,0,0,0
Spin-Z8,10,2,13/16,16,0,0,0
Spin-Z8,12,1,33/32,32,1/2,0,1/2
Spin-Z8,12,3,23/32,32,1/2,0,1/2
Spin-Z8,14,2,25/16,16,0,0,0
Spin-Z16,2,4,1/16,16,0,0,0
Spin-Z16,4,2,5/32,32,1/2,0,1/2
Spin-Z16,4,6,3/32,32,1/2,0,1/2
Spin-Z16,6,4,5/16,16,0,0,0
Spin-Z16,8,1,21/64,64,1/4,1/2,3/4
Spin-Z16,8,3,35/64,64,3/4,1/2,1/4
Spin-Z16,8,5,29/64,64,1/4,1/2,3/4
Spin-Z16,8,7,11/64,64,3/4,1/2,1/4
Spin-Z16,10,4,13/16,16,0,0,0
Spin-Z16,12,2,33/32,32,1/2,0,1/2
Spin-Z16,12,6,23/32,32,1/2,0,1/2
Spin-Z16,14,4,25/16,16,0,0,0
Spin-Z16,18,4,41/16,16,0,0,0
Spin-Z16,20,2,89/32,32,1/2,0,1/2
Spin-Z16,20,6,63/32,32,1/2,0,1/2
Spin-Z16,22,4,61/16,16,0,0,0
Spin-Z16,24,1,161/64,64,1/4,1/2,3/4
Spin-Z16,24,3,295/64,64,3/4,1/2,1/4
Spin-Z16,24,5,249/64,64,1/4,1/2,3/4
Spin-Z16,24,7,95/64,64,3/4,1/2,1/4
Spin-Z16,26,4,85/16,16,0,0,0
Spin-Z16,28,2,173/32,32,1/2,0,1/2
Spin-Z16,28,6,123/32,32,1/2,0,1/2
Spin-Z16,30,4,113/16,16,0,0,0
