L,kappa,y,ntraj,acceptance,tau_int_max,Sigma_stag_abs,e_Sigma_stag_abs,chi_Sigma_stag,e_chi_Sigma_stag,xi2_stag,e_xi2_stag,source
4,0.2,1.0,400,1,0.6424,0.0737223,0.0016,0.251458,0.017,0.523178,0.032,results/hmc_validation/L4_k0.2/L4_y1_k0.2.npz
4,0.2,1.4,400,0.9825,0.7229,0.080816,0.0018,0.289364,0.024,0.609689,0.035,results/hmc_validation/L4_k0.2/L4_y1.4_k0.2.npz
4,0.2,1.7,400,0.995,0.6039,0.0905308,0.0018,0.326567,0.023,0.697696,0.029,results/hmc_validation/L4_k0.2/L4_y1.7_k0.2.npz
4,0.2,2.0,400,0.9875,1.164,0.11644,0.0028,0.53342,0.042,0.978788,0.036,results/hmc_validation/L4_k0.2/L4_y2_k0.2.npz
4,0.2,2.3,400,0.9925,1.757,0.185397,0.0047,0.98098,0.072,1.63299,0.049,results/hmc_validation/L4_k0.2/L4_y2.3_k0.2.npz
4,0.2,2.6,400,0.975,2.662,0.30784,0.0054,0.905553,0.079,2.65737,0.061,results/hmc_validation/L4_k0.2/L4_y2.6_k0.2.npz
4,0.2,3.0,400,0.9375,1.353,0.383495,0.0035,0.70885,0.051,3.17596,0.05,results/hmc_validation/L4_k0.2/L4_y3_k0.2.npz
6,-0.03,2.6,800,0.545,5.832,0.0564326,0.0024,0.871398,0.099,0.767673,0.089,results/calib/kscan2/L6_k-0.03/L6_y2.6_k-0.03.npz
6,-0.03,3.0,800,0.8337,1.644,0.0407797,0.00089,0.424961,0.028,0.233465,0.11,results/calib/kscan2/L6_k-0.03/L6_y3_k-0.03.npz
6,-0.01,2.6,800,0.3113,5.965,0.0701033,0.0024,0.706362,0.073,0.928342,0.072,results/calib/kscan2/L6_k-0.01/L6_y2.6_k-0.01.npz
6,-0.01,3.0,800,0.7925,1.399,0.0447232,0.00087,0.444107,0.027,0.386358,0.06,results/calib/kscan2/L6_k-0.01/L6_y3_k-0.01.npz
6,0.0,2.6,800,0.2275,22.27,0.0777613,0.0062,1.57333,0.24,1.22313,0.19,results/calib/kscan2/L6_k0.0/L6_y2.6_k0.npz
6,0.0,3.0,800,0.78,2.014,0.0470055,0.0011,0.539383,0.038,0.494146,0.063,results/calib/kscan2/L6_k0.0/L6_y3_k0.npz
6,0.05,2.6,800,0.425,4.947,0.24329,0.0022,0.930777,0.091,4.8941,0.082,results/calib/kscan2/L6_k0.05/L6_y2.6_k0.05.npz
6,0.05,3.0,800,0.685,6.588,0.0747062,0.0028,1.12102,0.12,1.16885,0.075,results/calib/kscan2/L6_k0.05/L6_y3_k0.05.npz
6,0.1,2.6,800,0.7875,2.806,0.270783,0.0017,0.91742,0.066,5.70522,0.069,results/calib/kscan2/L6_k0.1/L6_y2.6_k0.1.npz
6,0.1,3.0,800,0.6088,52.29,0.180741,0.014,3.74279,1.2,3.32906,0.27,results/calib/kscan2/L6_k0.1/L6_y3_k0.1.npz
6,0.2,1.0,300,0.9967,0.7376,0.0327339,0.00084,0.273849,0.024,0.664465,0.061,results/hmc_validation/L6_k0.2/L6_y1_k0.2.npz
6,0.2,1.7,300,0.9933,0.8195,0.0391848,0.0011,0.350459,0.03,0.754744,0.057,results/hmc_validation/L6_k0.2/L6_y1.7_k0.2.npz
6,0.2,2.0,1000,0.988,1.321,0.0519303,0.00087,0.601919,0.031,1.19267,0.033,results/calib/L6_k0.2/L6_y2_k0.2.npz
6,0.2,2.1,1000,0.987,1.377,0.0595236,0.001,0.748603,0.037,1.41186,0.036,results/calib/L6_k0.2/L6_y2.1_k0.2.npz
6,0.2,2.2,300,0.9567,3.747,0.0729401,0.0032,1.19406,0.12,1.75241,0.094,results/hmc_validation/L6_k0.2/L6_y2.2_k0.2.npz
6,0.2,2.3,1000,0.976,2.492,0.0948935,0.002,1.57892,0.1,2.30415,0.056,results/calib/L6_k0.2/L6_y2.3_k0.2.npz
6,0.2,2.4,1000,0.965,5.598,0.144511,0.0041,2.97034,0.22,3.53161,0.1,results/calib/L6_k0.2/L6_y2.4_k0.2.npz
6,0.2,2.5,1000,0.966,4.975,0.228443,0.0023,1.36928,0.15,5.41478,0.071,results/calib/L6_k0.2/L6_y2.5_k0.2.npz
6,0.2,2.6,1000,0.938,3.082,0.288806,0.0017,1.03366,0.064,6.73971,0.066,results/calib/L6_k0.2/L6_y2.6_k0.2.npz
6,0.2,2.8,1000,0.903,1.839,0.368602,0.001,0.670527,0.041,8.63659,0.069,results/calib/L6_k0.2/L6_y2.8_k0.2.npz
6,0.2,3.0,300,0.94,1.634,0.396602,0.0014,0.48486,0.043,9.0996,0.12,results/hmc_validation/L6_k0.2/L6_y3_k0.2.npz
6,0.2,3.2,1000,0.774,2.325,0.390231,0.0012,0.687845,0.053,8.6453,0.079,results/calib/L6_k0.2/L6_y3.2_k0.2.npz
8,-0.03,2.6,400,0.245,10.47,0.0294064,0.0016,0.491171,0.12,0.652766,0.26,results/calib/kscan2/L8_k-0.03/L8_y2.6_k-0.03.npz
8,-0.03,3.0,400,0.605,1.945,0.0223297,0.00075,0.370614,0.035,0,0,results/calib/kscan2/L8_k-0.03/L8_y3_k-0.03.npz
8,-0.01,2.6,400,0.03,25.24,0.0252585,0.0031,0.285645,0.14,0,0,results/calib/kscan2/L8_k-0.01/L8_y2.6_k-0.01.npz
8,-0.01,3.0,400,0.64,2.436,0.0257464,0.00085,0.503086,0.067,0.533095,0.15,results/calib/kscan2/L8_k-0.01/L8_y3_k-0.01.npz
8,0.0,2.6,400,0.0175,53.46,0.0574349,0.0042,0.47621,0.13,1.39381,0.41,results/calib/kscan2/L8_k0.0/L8_y2.6_k0.npz
8,0.0,3.0,400,0.575,6.317,0.028459,0.0014,0.578878,0.091,0.767581,0.16,results/calib/kscan2/L8_k0.0/L8_y3_k0.npz
8,0.05,2.6,400,0.0825,13.65,0.236194,0.0024,0.405068,0.12,9.73712,0.42,results/calib/kscan2/L8_k0.05/L8_y2.6_k0.05.npz
8,0.05,3.0,400,0.365,11.23,0.0354553,0.0031,1.1694,0.25,1.08244,0.26,results/calib/kscan2/L8_k0.05/L8_y3_k0.05.npz
8,0.1,2.6,400,0.59,3.104,0.257761,0.0013,0.894649,0.11,10.5294,0.2,results/calib/kscan2/L8_k0.1/L8_y2.6_k0.1.npz
8,0.1,3.0,400,0.2825,12.97,0.16012,0.0061,3.10937,0.79,5.82806,0.26,results/calib/kscan2/L8_k0.1/L8_y3_k0.1.npz
8,0.2,1.6,1000,0.981,0.7928,0.0213117,0.00032,0.334183,0.015,0.839136,0.043,results/calib/L8_k0.2/L8_y1.6_k0.2.npz
8,0.2,1.65,1000,0.985,0.7533,0.0225946,0.00032,0.352251,0.018,0.920619,0.041,results/calib/L8_k0.2/L8_y1.65_k0.2.npz
8,0.2,1.7,1000,0.977,0.7982,0.0227193,0.00033,0.374067,0.018,0.935929,0.041,results/calib/L8_k0.2/L8_y1.7_k0.2.npz
8,0.2,1.75,1000,0.982,0.8829,0.0235512,0.00036,0.393451,0.019,0.964142,0.044,results/calib/L8_k0.2/L8_y1.75_k0.2.npz
8,0.2,1.8,1000,0.97,0.8543,0.0242859,0.00036,0.406071,0.02,1.0513,0.041,results/calib/L8_k0.2/L8_y1.8_k0.2.npz
8,0.2,1.9,1000,0.98,1.605,0.0255739,0.00042,0.461171,0.025,1.03688,0.048,results/calib/L8_k0.2/L8_y1.9_k0.2.npz
8,0.2,2.2,1000,0.968,2.039,0.0381332,0.00074,0.935457,0.057,1.73411,0.056,results/calib/L8_k0.2/L8_y2.2_k0.2.npz
8,0.2,2.3,1000,0.955,3.961,0.0534859,0.0015,1.90285,0.13,2.55758,0.089,results/calib/L8_k0.2/L8_y2.3_k0.2.npz
8,0.2,2.4,1000,0.949,8.357,0.104176,0.0033,4.09109,0.53,4.96002,0.17,results/calib/L8_k0.2/L8_y2.4_k0.2.npz
8,0.2,2.5,1000,0.919,3.612,0.204822,0.0017,2.26401,0.21,9.32074,0.12,results/calib/L8_k0.2/L8_y2.5_k0.2.npz
8,0.2,2.6,1000,0.893,3.782,0.275678,0.0012,1.36439,0.15,12.4828,0.12,results/calib/L8_k0.2/L8_y2.6_k0.2.npz
8,0.2,3.0,1000,0.622,3.51,0.392304,0.00062,0.591464,0.042,17.0266,0.19,results/calib/L8_k0.2/L8_y3_k0.2.npz
8,0.2,3.6,1000,0.437,15.3,0.269751,0.0045,3.76276,0.72,10.3219,0.29,results/calib/L8_k0.2/L8_y3.6_k0.2.npz
8,0.2,3.9,1000,0.412,37.27,0.0973131,0.0077,4.32331,0.98,3.61246,0.32,results/calib/L8_k0.2/L8_y3.9_k0.2.npz
8,0.2,4.2,1000,0.483,12.47,0.0509875,0.0024,1.73177,0.19,1.86262,0.11,results/calib/L8_k0.2/L8_y4.2_k0.2.npz
12,0.2,2.9,1000,0.39,5.506,0.380287,0.00042,0.683309,0.057,38.857,0.56,results/calib/L12_k0.2/L12_y2.9_k0.2.npz
