claim,model,y,g10,g6,L,chi10,chi10_err,corner_max,chi10_over_free,xi10_over_L,xi10_over_L_err,exponent,exponent_err,ntraj
K3.1,wedge,2.41,0.05,0.05,4,0.37954,0.00465,0000,0.2264,0.13262,0.00087,,,400
K3.1,wedge,2.41,0.05,0.05,6,0.36637,0.00156,0000,0.3369,0.09239,0.00020,-0.0215,0.0080,1000
K3.1,wedge,2.41,0.05,0.05,8,0.34976,0.02633,0000,0.3735,0.06870,0.01826,-0.0419,0.0655,1500
K3.1,wedge,2.41,0.1,0.1,4,0.26844,0.00171,0000,0.1601,0.11286,0.00038,,,400
K3.1,wedge,2.41,0.1,0.1,6,0.22855,0.00061,0000,0.2102,0.08287,0.00012,-0.0991,0.0044,1000
K3.1,wedge,2.41,0.1,0.1,8,0.20353,0.00220,0000,0.2173,0.05537,0.00317,-0.1009,0.0097,1500
K3.1,wedge,3.0,0.1,0.1,4,0.13818,0.00203,0000,0.0824,0.11645,0.00097,,,400
K3.1,wedge,3.0,0.1,0.1,6,0.10774,0.00102,0000,0.0991,0.07534,0.00027,-0.1542,0.0144,1000
K3.1,wedge,3.0,0.1,0.1,8,0.10268,0.00713,0000,0.1096,0.06079,0.01898,-0.0400,0.0632,1500
K3.1,wedge,2.41,0.05,0.0,4,0.44651,0.00371,0000,0.2663,0.13262,0.00064,,,400
K3.1,wedge,2.41,0.05,0.0,6,0.39832,0.00142,0000,0.3663,0.08949,0.00021,-0.0698,0.0057,1000
K3.1,wedge,2.41,0.05,0.0,8,0.38284,0.01690,0000,0.4088,0.07593,0.01084,-0.0314,0.0423,1500
K3.1,wedge,2.41,0.02,0.0,4,0.53665,0.00723,0000,0.3201,0.13243,0.00047,,,400
K3.1,wedge,2.41,0.02,0.0,6,0.49602,0.00221,0000,0.4561,0.08809,0.00020,-0.0489,0.0105,1000
K3.1,wedge,2.41,0.02,0.0,8,0.43588,0.03417,0000,0.4654,0.01095,0.05499,-0.1186,0.0646,899
K3.5,wedge,0.0,0.05,0.0,4,0.68046,0.00339,0000,0.4058,0.14545,0.00047,,,400
K3.5,wedge,0.0,0.05,0.0,6,0.51911,0.00092,0000,0.4774,0.09646,0.00010,-0.1663,0.0037,1000
K3.5,wedge,0.0,0.05,0.0,8,0.45675,0.00290,0000,0.4877,0.06640,0.00155,-0.1124,0.0059,1500
K3.5,wedge,0.0,0.1,0.0,4,0.41585,0.00254,0000,0.2480,0.13648,0.00042,,,400
K3.5,wedge,0.0,0.1,0.0,6,0.34830,0.00070,0000,0.3203,0.09453,0.00011,-0.1097,0.0040,1000
K3.5,wedge,0.0,0.1,0.0,8,0.30857,0.00251,0000,0.3295,0.06363,0.00205,-0.1052,0.0070,1500
K3.5,wedge,0.0,0.05,-0.05,4,0.45225,0.00316,0000,0.2697,0.12310,0.00043,,,400
K3.5,wedge,0.0,0.05,-0.05,6,0.40220,0.00096,0000,0.3698,0.08271,0.00012,-0.0725,0.0045,1000
K3.5,wedge,0.0,0.05,-0.05,8,0.39059,0.00266,0000,0.4171,0.05699,0.00191,-0.0255,0.0063,1500
K3.5,wedge,0.0,0.1,-0.1,4,0.23034,0.00200,0000,0.1374,0.10350,0.00081,,,400
K3.5,wedge,0.0,0.1,-0.1,6,0.22453,0.00071,0000,0.2065,0.07141,0.00022,-0.0156,0.0058,1000
K3.5,wedge,0.0,0.1,-0.1,8,0.23294,0.00201,0000,0.2487,0.05442,0.00279,0.0333,0.0095,1500
K3.5,wedge,2.41,0.05,-0.05,4,0.33715,0.00277,0000,0.2011,0.11363,0.00056,,,400
K3.5,wedge,2.41,0.05,-0.05,6,0.31557,0.00113,0000,0.2902,0.07656,0.00017,-0.0411,0.0055,1000
K3.5,wedge,2.41,0.05,-0.05,8,0.32117,0.00678,0000,0.3429,0.05824,0.00525,0.0144,0.0172,1500
K3.5,wedge,2.41,0.1,-0.1,4,0.19325,0.00196,0000,0.1153,0.09698,0.00094,,,400
K3.5,wedge,2.41,0.1,-0.1,6,0.18542,0.00064,0000,0.1705,0.06472,0.00027,-0.0255,0.0065,1000
K3.5,wedge,2.41,0.1,-0.1,8,0.19662,0.00232,0000,0.2099,0.04928,0.00340,0.0508,0.0097,1500
K3.2,epsilon,2.41,0.0,0.0,4,0.43922,0.00974,0000,0.2620,0.12346,0.00079,,,400
K3.2,epsilon,2.41,0.0,0.0,6,0.47080,0.00371,0000,0.4329,0.08268,0.00034,,,1000
