claim,y,g10,g6,L,V_D_par,err,V_D_perp,err,V_phi_stag,err,xi_dimer_over_L,err
K3.6,2.41,0.05,0.05,4,1.5212,0.14,0.046973,0.0029,1.1493,0.053,0.0880,0.0058
K3.6,2.41,0.05,0.05,6,2.6702,0.22,0.040248,0.011,2.2534,0.1,0.1113,0.0062
K3.6,2.41,0.05,0.05,8,5.0792,0.49,0.015737,0.01,3.0935,0.15,0.1521,0.0082
K3.6,3.0,0.1,0.1,4,0.68924,0.12,0.03167,0.0012,0.48877,0.034,0.0733,0.0095
K3.6,3.0,0.1,0.1,6,2.1631,0.26,0.032648,0.0043,0.86893,0.043,0.1342,0.0104
K3.6,3.0,0.1,0.1,8,2.6693,0.34,0.035608,0.0043,1.2109,0.055,0.1380,0.0119
K3.6,2.41,0.1,0.1,4,5.1087,0.067,0.01857,0.00084,0.17146,0.012,0.2486,0.0025
K3.6,2.41,0.1,0.1,6,15.647,0.11,0.020059,0.0017,0.20463,0.0088,0.4107,0.0020
K3.6,2.41,0.1,0.1,8,39.189,0.16,0.019908,0.0014,0.19841,0.0061,0.6287,0.0020
K3.5,0.0,0.05,0.0,4,0.35856,0.017,0.020062,0.00096,0,0,0.0220,0.0139
K3.5,0.0,0.05,0.0,6,0.31955,0.016,0.018401,0.00076,0,0,0.0000,0.0000
K3.5,0.0,0.05,0.0,8,0.31497,0.0097,0.017519,0.0015,0,0,0.0000,0.0029
K3.5,0.0,0.1,0.0,4,0.42046,0.021,0.018845,0.00081,0,0,0.0369,0.0057
K3.5,0.0,0.1,0.0,6,0.50848,0.021,0.017569,0.00069,0,0,0.0338,0.0036
K3.5,0.0,0.1,0.0,8,0.49732,0.015,0.015365,0.0013,0,0,0.0333,0.0031
K3.5,0.0,0.05,-0.05,4,0.17819,0.011,0.022211,0.00099,0,0,0.0368,0.0058
K3.5,0.0,0.05,-0.05,6,0.32892,0.021,0.02192,0.00088,0,0,0.0331,0.0040
K3.5,0.0,0.05,-0.05,8,0.46464,0.02,0.020872,0.0014,0,0,0.0361,0.0031
K3.5,0.0,0.1,-0.1,4,0.18538,0.012,0.019463,0.00092,0,0,0.0533,0.0039
K3.5,0.0,0.1,-0.1,6,0.90137,0.12,0.019765,0.00071,0,0,0.0869,0.0071
K3.5,0.0,0.1,-0.1,8,13.1,0.7,0.019249,0.0012,0,0,0.3540,0.0107
K3.5,2.41,0.05,-0.05,4,0.22655,0.013,0.025537,0.0014,0.1738,0.011,0.0203,0.0121
K3.5,2.41,0.05,-0.05,6,0.66865,0.04,0.026684,0.00095,0.55469,0.032,0.0527,0.0029
K3.5,2.41,0.05,-0.05,8,1.1678,0.063,0.022738,0.0036,1.0579,0.033,0.0618,0.0027
K3.5,2.41,0.1,-0.1,4,0.17735,0.013,0.018468,0.00081,0.068572,0.0046,0.0419,0.0048
K3.5,2.41,0.1,-0.1,6,2.3313,0.28,0.019119,0.00068,0.18497,0.01,0.1481,0.0096
K3.5,2.41,0.1,-0.1,8,28.185,0.31,0.019618,0.0014,0.22504,0.0069,0.5258,0.0036
