lattice,y,h,phi_R/h,err,phi_R/h over free,phi_T_R/h,err,rho,rho_err,rho_kind,A,A_err
6^4,2.41,0.5,0.0287211,0.000284082,0.632676,-0.000248852,1.08119e-05,0.00866443,0.000386078,resolved,0.037908,0.0127654
6^4,2.41,1,0.0299891,0.000139088,0.703098,-0.000183264,4.74575e-06,0.00611103,0.000160767,resolved,0.147211,0.00486622
6^4,2.41,2,0.0292508,5.112e-05,0.833357,-0.000118328,1.58449e-06,0.00404527,5.46285e-05,resolved,0.430551,0.00161559
6^4,3,0.5,-4.41987e-05,6.34065e-05,-0.000973622,-0.00194475,1.16699e-05,18.073,,lower bound,-0.00216525,0.00229414
6^4,3,1,0.000207,3.83654e-05,0.00485314,-0.00195559,9.58872e-06,9.44729,1.75158,resolved,9.44076e-05,0.00145335
6^4,3,2,0.000394313,3.05995e-05,0.011234,-0.00193782,1.02473e-05,4.91441,0.382253,resolved,0.00897329,0.00333703
8^4,2.41,0.5,0.0295589,0.000441791,0.592986,-0.000358762,2.48645e-05,0.0121372,0.000860521,resolved,0.0188321,0.00909454
8^4,2.41,1,0.032645,0.000172143,0.715944,-0.000214288,1.30249e-05,0.0065642,0.000400487,resolved,0.0905763,0.00388152
8^4,2.41,2,0.0304162,8.46561e-05,0.84435,-0.000116721,1.38409e-06,0.00383746,4.67416e-05,resolved,0.268319,0.00178428
8^4,3,0.5,4.8901e-05,0.000102958,0.00098101,-0.00195174,1.38137e-05,12.8523,,lower bound,-8.73481e-05,0.000911515
8^4,3,1,0.000170684,4.71712e-05,0.0037433,-0.00196943,1.62058e-05,11.5385,3.19026,resolved,-0.0010949,0.000753705
8^4,3,2,0.000381883,4.25215e-05,0.010601,-0.00195465,1.52113e-05,5.11846,0.571315,resolved,0.00241451,0.00156002
6^3x12,2.41,0.5,0.0290648,0.00032489,0.625018,-0.000244782,1.65377e-05,0.00842196,0.000576731,resolved,0.0320796,0.00941638
6^3x12,2.41,1,0.0309039,0.000193101,0.711786,-0.000168869,4.83099e-06,0.00546433,0.000160008,resolved,0.123101,0.00787207
6^3x12,2.41,2,0.0296807,7.93662e-05,0.839555,-0.000118608,2.4783e-06,0.00399613,8.41796e-05,resolved,0.387816,0.00263985
6^3x12,3,0.5,7.59227e-05,0.000125541,0.00163267,-0.00194913,2.1235e-05,9.67483,,lower bound,0.000233056,0.0022834
6^3x12,3,1,0.000162085,7.78635e-05,0.00373319,-0.00193227,1.59048e-05,11.9213,5.72767,resolved,-0.00212124,0.00215108
6^3x12,3,2,0.000361244,4.10773e-05,0.0102182,-0.00194528,1.58775e-05,5.38493,0.613899,resolved,0.00431858,0.00335811
