L,y,h,run,n,sign,phiT_h,ephiT_h,heavy_h,eheavy_h,light_h,elight_h,ratio
4,2,0.05,a,90,1,-0.0034745,0.000207368,0.702106,0.00583622,-0.00152902,0.00382415,0.00494869
4,2,0.05,b,169,1,-0.00385838,0.000175998,0.696733,0.00273872,-0.00727528,0.0022105,0.00553781
4,2,0.1,b,225,1,-0.00356512,9.61957e-05,0.674793,0.00259055,-0.00243094,0.00110483,0.00528328
4,2,0.2,b,225,1,-0.00307763,4.58208e-05,0.578488,0.00150654,-0.00040296,0.000471352,0.00532012
4,2,0.5,b,225,1,-0.00150687,2.55099e-05,0.362979,0.000989679,0.000453554,0.000315699,0.00415139
6,2,0.3,b,113,1,-0.00156856,1.69352e-05,0.567138,0.000547831,0.000348423,0.000144503,0.00276574
4,2.41,0.02,a,90,1,-0.0448321,0.00447567,0.412073,0.0566751,0.108694,0.0303829,0.108797
4,2.41,0.05,a,90,1,-0.0474336,0.00384359,0.285952,0.020789,-0.0033752,0.010902,0.165879
4,2.41,0.05,b,113,1,-0.0397219,0.00123885,0.320492,0.0248771,0.0116062,0.010995,0.12394
4,2.41,0.1,a,90,1,-0.04113,0.00266193,0.300682,0.0159159,0.00522134,0.00786067,0.136789
4,2.41,0.1,b,113,1,-0.042623,0.00140218,0.286353,0.0103618,-0.00898973,0.0050359,0.148848
4,2.41,0.2,b,225,1,-0.0349034,0.000927844,0.291843,0.00463134,0.000954031,0.00241272,0.119596
4,2.41,0.5,a,75,0.733333,-0.0121163,0.000864774,0.245103,0.00895967,-0.00464888,0.00433662,0.0494335
4,2.41,0.5,b,150,0.84,-0.0166542,0.00136268,0.244156,0.00442249,0.00192901,0.00245267,0.0682114
6,2.41,0.1,a,57,1,-0.0262873,0.00083798,0.393101,0.00747704,-0.00529771,0.00433006,0.0668715
6,2.41,0.2,a,57,1,-0.0190146,0.000704587,0.414475,0.00315478,0.00711631,0.00266285,0.0458764
6,2.41,0.3,b,66,0.878788,-0.0133031,0.000890205,0.413469,0.00583426,-0.00213174,0.00351591,0.0321743
4,3,0.05,a,90,1,-0.0881212,0.00118835,0.000728999,0.0096823,-0.0141766,0.00627184,120.88
4,3,0.05,b,225,1,-0.0861997,0.000773507,0.00947113,0.0097036,-0.00307577,0.00557906,9.10131
4,3,0.1,b,225,1,-0.0891508,0.000538336,0.0127208,0.00382534,0.000798202,0.00214116,7.00825
4,3,0.2,b,225,1,-0.0876056,0.000822155,0.0135495,0.000878068,0.00118672,0.000860561,6.4656
4,3,0.5,b,225,1,-0.0874116,0.00177644,0.0150656,0.000684118,0.000138529,0.000559811,5.80207
6,3,0.3,b,94,1,-0.0895593,0.000484695,0.0137161,0.000915506,0.000591475,0.000475268,6.5295
