box,S,D,flavour,taste,avg_pointgroup,avg_with_shifts,avg_pointgroup_Z4,light_avg_pointgroup,light_avg_with_shifts,flip_with_shifts,keep_with_shifts
4x4x4x4 pppp,0,0,10,LR,0.0000,0.0000,0.0000,0.0000,0.0000,1024,1024
4x4x4x4 pppp,0,0 3,10,LL+RR,0.5000,0.5000,0.5000,0.0000,0.0000,0,2048
4x4x4x4 pppp,0 1,1,10,LR,0.0000,0.0000,0.0000,0.0000,0.0000,1024,1024
4x4x4x4 pppp,0 1,1 3,10,LL+RR,0.0000,0.0000,0.0000,0.0000,0.0000,512,512
4x4x4x4 pppp,0 2,0 1 2,6,LR,0.0000,0.0000,0.0000,0.0000,0.0000,256,256
4x4x4x4 pppp,0 2,0 1 2 3,6,LL+RR,0.3536,0.0000,0.0000,1.0000,0.0000,512,512
4x4x4x4 pppp,0 1 2,2,10,LR,0.0000,0.0000,0.0000,0.0000,0.0000,1024,1024
4x4x4x4 pppp,0 1 2,2 3,10,LL+RR,0.0000,0.0000,0.0000,0.0000,0.0000,512,512
4x4x4x4 pppp,0 3,0 2,10,LL+RR,0.0000,0.0000,0.0000,0.0000,0.0000,512,512
4x4x4x4 pppp,0 3,0 2 3,6,LR,0.0000,0.0000,0.0000,0.0000,0.0000,256,256
4x4x4x4 pppp,0 1 3,1 2,10,LL+RR,0.5000,0.5000,0.5000,0.0000,0.0000,0,2048
4x4x4x4 pppp,0 1 3,1 2 3,6,LR,0.0000,0.0000,0.0000,0.0000,0.0000,256,256
4x4x4x4 pppp,0 2 3,0 1,10,LL+RR,0.0000,0.0000,0.0000,0.0000,0.0000,512,512
4x4x4x4 pppp,0 2 3,0 1 3,6,LR,0.0000,0.0000,0.0000,0.0000,0.0000,256,256
4x4x4x4 pppp,0 1 2 3,,6,LL+RR,1.0000,0.0000,0.0000,1.0000,0.0000,4096,4096
4x4x4x4 pppp,0 1 2 3,3,10,LR,0.0000,0.0000,0.0000,0.0000,0.0000,1024,1024
4x4x4x4 aaaa,0,0,10,LR,0.0000,0.0000,0.0000,0.0000,0.0000,1024,1024
4x4x4x4 aaaa,0,0 3,10,LL+RR,0.5000,0.5000,0.5000,0.0000,0.0000,0,2048
4x4x4x4 aaaa,0 1,1,10,LR,0.0000,0.0000,0.0000,0.0000,0.0000,1024,1024
4x4x4x4 aaaa,0 1,1 3,10,LL+RR,0.0000,0.0000,0.0000,0.0000,0.0000,512,512
4x4x4x4 aaaa,0 2,0 1 2,6,LR,0.0000,0.0000,0.0000,0.0000,0.0000,256,256
4x4x4x4 aaaa,0 2,0 1 2 3,6,LL+RR,0.3536,0.0000,0.0000,0.3536,0.0000,512,512
4x4x4x4 aaaa,0 1 2,2,10,LR,0.0000,0.0000,0.0000,0.0000,0.0000,1024,1024
4x4x4x4 aaaa,0 1 2,2 3,10,LL+RR,0.0000,0.0000,0.0000,0.0000,0.0000,512,512
4x4x4x4 aaaa,0 3,0 2,10,LL+RR,0.0000,0.0000,0.0000,0.0000,0.0000,512,512
4x4x4x4 aaaa,0 3,0 2 3,6,LR,0.0000,0.0000,0.0000,0.0000,0.0000,256,256
4x4x4x4 aaaa,0 1 3,1 2,10,LL+RR,0.5000,0.5000,0.5000,0.0000,0.0000,0,2048
4x4x4x4 aaaa,0 1 3,1 2 3,6,LR,0.0000,0.0000,0.0000,0.0000,0.0000,256,256
4x4x4x4 aaaa,0 2 3,0 1,10,LL+RR,0.0000,0.0000,0.0000,0.0000,0.0000,512,512
4x4x4x4 aaaa,0 2 3,0 1 3,6,LR,0.0000,0.0000,0.0000,0.0000,0.0000,256,256
4x4x4x4 aaaa,0 1 2 3,,6,LL+RR,1.0000,0.0000,0.0000,1.0000,0.0000,4096,4096
4x4x4x4 aaaa,0 1 2 3,3,10,LR,0.0000,0.0000,0.0000,0.0000,0.0000,1024,1024
