y,lattice,h,r_L,err,estimator,g=GL_p0/free,err,"e (6^4,8^4)",err
2.41,8^4,0.5,1.14589,0.171057,tstar,0.769679,0.0285901,0.394537,0.0211894
2.41,8^4,1,2.30394,0.234825,tstar,0.784209,0.0151744,0.450091,0.0107093
2.41,8^4,2,5.83779,0.522538,tstar,0.820576,0.00247779,0.439901,0.00976597
2.41,6^4,0.5,1.04362,0.0406363,tstar,0.765358,0.00853335,nan,nan
2.41,6^4,1,1.24011,0.0438329,tstar,0.781402,0.00368365,nan,nan
2.41,6^4,2,1.83863,0.0595418,tstar,0.842892,0.00199543,nan,nan
2.41,6^3x12,0.5,1.14903,0.0586901,tstar,0.69008,0.00966254,nan,nan
2.41,6^3x12,1,1.4835,0.0688334,tstar,0.730205,0.00581288,nan,nan
2.41,6^3x12,2,2.93661,0.125296,tstar,0.81727,0.00302498,nan,nan
3,8^4,0.5,0.989485,0.00523307,tstar,0.00297214,5.80893e-05,0.42896,0.446227
3,8^4,1,0.972872,0.0043086,tstar,0.00318265,6.48459e-05,0.156738,0.330701
3,8^4,2,0.878881,0.00381632,tstar,0.0032882,5.91644e-05,0.785806,0.129254
3,6^4,0.5,0.998379,0.00662784,tstar,0.0126081,0.000132812,nan,nan
3,6^4,1,0.975972,0.00632988,tstar,0.0127515,0.000128977,nan,nan
3,6^4,2,0.883727,0.00547291,tstar,0.0146396,0.00016403,nan,nan
3,6^3x12,0.5,1.02468,0.0248339,tstar,0.00599899,0.000107403,nan,nan
3,6^3x12,1,1.16906,0.0261018,tstar,0.00596241,0.000111514,nan,nan
3,6^3x12,2,2.09897,0.0467568,tstar,0.00702283,0.00010134,nan,nan
