file,L,y,kappa,phase,scored,near_critical,f_M,alpha,N_odd,reading,quantised,det_half_turns
results/xi_scan/L6_k-0.04/L6_y2.028_k-0.04.npz,6,2.028,-0.04,SYM,True,False,0.199701,-0.989393,27.9496,gapless,False,0
results/xi_scan/L6_k-0.04/L6_y2.283_k-0.04.npz,6,2.283,-0.04,SYM,False,True,0.382685,-0.887851,23.649,gapless,False,0
results/xi_scan/L6_k-0.04/L6_y2.368_k-0.04.npz,6,2.368,-0.04,SMG,False,True,0.475704,-1.00337,17.1902,gapless,False,0
results/xi_scan/L6_k-0.04/L6_y2.41_k-0.04.npz,6,2.41,-0.04,SMG,False,False,0.511032,-0.262851,15.8397,majorana-pole,False,0
results/xi_scan/L6_k-0.04/L6_y2.452_k-0.04.npz,6,2.452,-0.04,SMG,True,False,0.559266,-0.492451,9.0257,majorana-pole,False,0
results/xi_scan/L6_k-0.04/L6_y2.537_k-0.04.npz,6,2.537,-0.04,SMG,True,False,0.704884,0.135812,10.3087,majorana-pole,False,0
results/xi_scan/L6_k-0.04/L6_y2.792_k-0.04.npz,6,2.792,-0.04,SMG,True,False,0.821045,0.560962,8.20986,majorana-pole,False,0
results/xi_scan/F_L6_k-0.01/L6_y2.028_k-0.01.npz,6,2.028,-0.01,SYM,True,False,0.155455,-1.01244,29.2292,gapless,False,0
results/xi_scan/F_L6_k-0.01/L6_y2.283_k-0.01.npz,6,2.283,-0.01,SYM,True,False,0.32941,-1.09023,25.6111,gapless,False,0
results/xi_scan/F5_L6_k-0.01_seed2/L6_y2.368_k-0.01.npz,6,2.368,-0.01,SYM,True,True,0.438904,-0.927835,19.258,gapless,False,4
results/xi_scan/F_L6_k-0.01/L6_y2.368_k-0.01.npz,6,2.368,-0.01,SYM,True,True,0.422547,-0.844049,19.4782,gapless,False,0
results/xi_scan/F5_L6_k-0.01_seed2/L6_y2.41_k-0.01.npz,6,2.41,-0.01,critical,True,True,0.499774,-0.807975,17.3068,gapless,False,0
results/xi_scan/F_L6_k-0.01/L6_y2.41_k-0.01.npz,6,2.41,-0.01,critical,True,True,0.42726,-0.60821,18.1411,gapless,False,0
results/xi_scan/F_hyst_L6_afm/L6_y2.41_k-0.01.npz,6,2.41,-0.01,critical,True,True,0.599956,-0.174034,12.4348,majorana-pole,False,0
results/xi_scan/F_hyst_L6_cold/L6_y2.41_k-0.01.npz,6,2.41,-0.01,critical,True,True,0.552762,-0.402724,12.6551,majorana-pole,False,0
results/xi_scan/F_hyst_L6_hot/L6_y2.41_k-0.01.npz,6,2.41,-0.01,critical,True,True,0.518945,-1.15925,13.7995,majorana-pole,False,0
results/xi_scan/F5_L6_k-0.01_seed2/L6_y2.452_k-0.01.npz,6,2.452,-0.01,SMG,True,True,0.55034,-0.719539,14.5968,majorana-pole,False,0
results/xi_scan/F_L6_k-0.01/L6_y2.452_k-0.01.npz,6,2.452,-0.01,SMG,True,True,0.523052,-0.836954,13.0518,majorana-pole,False,0
results/xi_scan/F_L6_k-0.01/L6_y2.537_k-0.01.npz,6,2.537,-0.01,SMG,True,False,0.672624,-0.000603042,10.8945,majorana-pole,False,0
results/xi_scan/F_L6_k-0.01/L6_y2.792_k-0.01.npz,6,2.792,-0.01,SMG,True,False,0.783561,0.380407,8.26602,majorana-pole,False,0
results/xi_scan/L6_k0.02/L6_y2.028_k0.02.npz,6,2.028,0.02,SYM,True,False,0.164428,-1.06875,29.0772,gapless,False,0
results/xi_scan/L6_k0.02/L6_y2.283_k0.02.npz,6,2.283,0.02,SYM,True,False,0.307804,-0.91142,23.9725,gapless,False,0
results/xi_scan/L6_k0.02/L6_y2.368_k0.02.npz,6,2.368,0.02,SYM,True,False,0.414177,-1.21936,22.8101,gapless,False,0
results/xi_scan/L6_k0.02/L6_y2.41_k0.02.npz,6,2.41,0.02,SYM,True,True,0.415529,-0.893428,20.4869,gapless,False,0
results/xi_scan/L6_k0.02/L6_y2.452_k0.02.npz,6,2.452,0.02,AFM,False,True,0.525442,-0.883613,15.3426,majorana-pole,False,0
results/xi_scan/L6_k0.02/L6_y2.537_k0.02.npz,6,2.537,0.02,AFM,True,True,0.684629,-0.0439066,9.35574,majorana-pole,False,0
results/xi_scan/L6_k0.02/L6_y2.792_k0.02.npz,6,2.792,0.02,SMG,True,True,0.741963,0.356617,9.03514,majorana-pole,False,4
results/xi_scan/L8_k-0.04/L8_y2.028_k-0.04.npz,8,2.028,-0.04,SYM,True,True,0.0922847,-1.00532,30.4025,gapless,False,0
results/xi_scan/F2_L8_k-0.04/L8_y2.368_k-0.04.npz,8,2.368,-0.04,SMG,True,True,0.507981,-0.73552,16.4853,majorana-pole,False,0
results/xi_scan/F2_L8_k-0.04/L8_y2.41_k-0.04.npz,8,2.41,-0.04,SMG,True,False,0.523728,-0.604626,14.7752,majorana-pole,False,0
results/xi_scan/F2_L8_k-0.04/L8_y2.452_k-0.04.npz,8,2.452,-0.04,SMG,True,False,0.605953,0.0378892,12.9443,majorana-pole,False,0
results/xi_scan/F_L8_k-0.01/L8_y2.028_k-0.01.npz,8,2.028,-0.01,SYM,True,False,0.0904728,-1.02612,30.4466,gapless,False,0
results/xi_scan/F_L8_k-0.01/L8_y2.283_k-0.01.npz,8,2.283,-0.01,SYM,True,False,0.309102,-0.779315,22.7515,gapless,False,0
results/xi_scan/F_L8_k-0.01/L8_y2.41_k-0.01.npz,8,2.41,-0.01,critical,True,True,0.507888,-0.755073,15.8212,majorana-pole,False,0
results/xi_scan/F_L8_k-0.01/L8_y2.537_k-0.01.npz,8,2.537,-0.01,SMG,True,False,0.579582,-0.0440648,12.165,majorana-pole,False,4
results/xi_scan/F_L8_k-0.01/L8_y2.792_k-0.01.npz,8,2.792,-0.01,SMG,True,False,0.807243,0.636388,8.22622,majorana-pole,False,0
results/xi_scan/F2_L8_k0.02/L8_y2.368_k0.02.npz,8,2.368,0.02,SYM,True,False,0.320668,-1.0751,24.9234,gapless,False,0
results/xi_scan/F2_L8_k0.02/L8_y2.41_k0.02.npz,8,2.41,0.02,SYM,True,True,0.45206,-1.07488,19.4806,gapless,False,0
results/xi_scan/F2_L8_k0.02/L8_y2.452_k0.02.npz,8,2.452,0.02,AFM,True,True,0.527347,-0.512068,15.1062,majorana-pole,False,0
