lattice,y,h,n_cfg,alpha_L,err,alpha_L free,alpha_R,err,alpha_R free,|O_L(p1)|/free,swap sigma,floor m
6^4,2.41,0,113,0.247804,0.00786112,0.192645,0.248895,0.00868226,0.192645,0.758584,0.093189,0.5
6^4,2.41,0.5,113,0.245205,0.00879868,0.185418,0.27689,0.00434516,0.235266,0.77321,3.22887,0.5
6^4,2.41,1,113,0.213825,0.00333113,0.16395,0.343757,0.00466388,0.353774,0.810102,22.6705,0.3
6^4,2.41,2,113,0.115493,0.00344746,0.0811368,0.653426,0.00325307,0.724993,0.879802,113.488,0.3
6^4,3,0,113,0.930564,0.0118597,0.192645,0.93401,0.00649554,0.192645,0.0538045,0.254854,0.5
6^4,3,0.5,113,0.943001,0.00945172,0.185418,0.958371,0.0155723,0.235266,0.0523016,0.843734,0.5
6^4,3,1,113,0.93073,0.0105744,0.16395,0.938409,0.0113095,0.353774,0.0543182,0.496003,0.5
6^4,3,2,113,0.927567,0.00713975,0.0811368,0.931444,0.00848188,0.724993,0.0547453,0.349671,0.3
8^4,2.41,0,45,0.254891,0.0216295,0.101763,0.240524,0.0147656,0.101763,0.641552,0.548593,0.5
8^4,2.41,0.5,45,0.211258,0.0113371,0.09834,0.212904,0.00809964,0.166892,0.699086,0.118137,0.3
8^4,2.41,1,45,0.138439,0.00817489,0.0881331,0.306199,0.00708321,0.331709,0.799209,15.5094,0.3
8^4,2.41,2,45,0.0696228,0.00249379,0.0481997,0.659506,0.00244535,0.737028,0.88173,168.892,0.2
8^4,3,0,45,0.956827,0.00638585,0.101763,0.959081,0.00882815,0.101763,0.0306017,0.206794,0.3
8^4,3,0.5,45,0.944188,0.00918474,0.09834,0.951185,0.00538803,0.166892,0.0314846,0.657028,0.3
8^4,3,1,45,0.935705,0.00720898,0.0881331,0.944284,0.00643671,0.331709,0.0326609,0.887744,0.3
8^4,3,2,45,0.956893,0.0108802,0.0481997,0.933786,0.00677765,0.737028,0.0312149,1.80265,0.3
6^3x12,2.41,0,56,0.642021,0.00976731,0.576863,0.632107,0.00649954,0.576863,0.706975,0.845004,0.5
6^3x12,2.41,0.5,56,0.631693,0.00524879,0.57677,0.642753,0.00891024,0.600822,0.73437,1.06955,0.5
6^3x12,2.41,1,56,0.614989,0.00557248,0.57649,0.669543,0.00497868,0.663775,0.784943,7.30056,0.5
6^3x12,2.41,2,56,0.587397,0.00294701,0.575377,0.803688,0.0027468,0.830987,0.87388,53.6888,0.3
6^3x12,3,0,56,0.977082,0.0034693,0.576863,0.980336,0.0050569,0.576863,0.0433298,0.530627,0.3
6^3x12,3,0.5,56,0.965439,0.00251571,0.57677,0.965762,0.00491968,0.600822,0.0430853,0.0585101,0.3
6^3x12,3,1,56,0.968464,0.00422274,0.57649,0.974067,0.00530559,0.663775,0.0452841,0.826313,0.3
6^3x12,3,2,56,0.96847,0.00486303,0.575377,0.979443,0.00586871,0.830987,0.0460482,1.43966,0.5
6^4 pppa,2.41,0,113,-0.17078,0.0209963,-1,-0.168378,0.0211716,-1,0.333272,0.080567,0.2
6^4 pppa,2.41,0.5,113,-0.258568,0.0252961,-1.02075,-0.217448,0.0333273,-0.738294,0.370622,0.982794,0.3
