grid,Lmax,eps,y_c,n_use,R,dchi2_WP,dchi2_PW
"pilot (t = 0.042, 0.127, 0.38)",8,0.01,fixed,2,3.821,,
"pilot (t = 0.042, 0.127, 0.38)",8,0.01,free,2,3.821,,
"pilot (t = 0.042, 0.127, 0.38)",8,0.03,fixed,2,3.821,,
"pilot (t = 0.042, 0.127, 0.38)",8,0.03,free,2,3.821,,
"pilot (t = 0.042, 0.127, 0.38)",8,0.05,fixed,2,3.821,,
"pilot (t = 0.042, 0.127, 0.38)",8,0.05,free,2,3.821,,
"pilot (t = 0.042, 0.127, 0.38)",12,0.01,fixed,2,3.821,,
"pilot (t = 0.042, 0.127, 0.38)",12,0.01,free,2,3.821,,
"pilot (t = 0.042, 0.127, 0.38)",12,0.03,fixed,2,3.821,,
"pilot (t = 0.042, 0.127, 0.38)",12,0.03,free,2,3.821,,
"pilot (t = 0.042, 0.127, 0.38)",12,0.05,fixed,2,3.821,,
"pilot (t = 0.042, 0.127, 0.38)",12,0.05,free,2,3.821,,
"pilot (t = 0.042, 0.127, 0.38)",16,0.01,fixed,2,3.821,,
"pilot (t = 0.042, 0.127, 0.38)",16,0.01,free,2,3.821,,
"pilot (t = 0.042, 0.127, 0.38)",16,0.03,fixed,2,3.821,,
"pilot (t = 0.042, 0.127, 0.38)",16,0.03,free,2,3.821,,
"pilot (t = 0.042, 0.127, 0.38)",16,0.05,fixed,2,3.821,,
"pilot (t = 0.042, 0.127, 0.38)",16,0.05,free,2,3.821,,
"pilot (t = 0.042, 0.127, 0.38)",24,0.01,fixed,3,3.821,225.6,196.9
"pilot (t = 0.042, 0.127, 0.38)",24,0.01,free,3,3.821,,
"pilot (t = 0.042, 0.127, 0.38)",24,0.03,fixed,3,3.821,25.07,21.88
"pilot (t = 0.042, 0.127, 0.38)",24,0.03,free,3,3.821,,
"pilot (t = 0.042, 0.127, 0.38)",24,0.05,fixed,3,3.821,9.025,7.875
"pilot (t = 0.042, 0.127, 0.38)",24,0.05,free,3,3.821,,
"7 log-spaced in [0.02, 0.4]",8,0.01,fixed,3,6.218,3.006,9.366
"7 log-spaced in [0.02, 0.4]",8,0.01,free,3,6.218,,
"7 log-spaced in [0.02, 0.4]",8,0.03,fixed,3,6.218,0.334,1.041
"7 log-spaced in [0.02, 0.4]",8,0.03,free,3,6.218,,
"7 log-spaced in [0.02, 0.4]",8,0.05,fixed,3,6.218,0.1202,0.3747
"7 log-spaced in [0.02, 0.4]",8,0.05,free,3,6.218,,
"7 log-spaced in [0.02, 0.4]",12,0.01,fixed,5,6.218,106.1,196.5
"7 log-spaced in [0.02, 0.4]",12,0.01,free,5,6.218,5.047,2.338
"7 log-spaced in [0.02, 0.4]",12,0.03,fixed,5,6.218,11.79,21.83
"7 log-spaced in [0.02, 0.4]",12,0.03,free,5,6.218,0.5608,0.2597
"7 log-spaced in [0.02, 0.4]",12,0.05,fixed,5,6.218,4.246,7.861
"7 log-spaced in [0.02, 0.4]",12,0.05,free,5,6.218,0.2019,0.0935
"7 log-spaced in [0.02, 0.4]",16,0.01,fixed,5,6.218,106.1,196.5
"7 log-spaced in [0.02, 0.4]",16,0.01,free,5,6.218,5.047,2.338
"7 log-spaced in [0.02, 0.4]",16,0.03,fixed,5,6.218,11.79,21.83
"7 log-spaced in [0.02, 0.4]",16,0.03,free,5,6.218,0.5608,0.2597
"7 log-spaced in [0.02, 0.4]",16,0.05,fixed,5,6.218,4.246,7.861
"7 log-spaced in [0.02, 0.4]",16,0.05,free,5,6.218,0.2019,0.0935
"7 log-spaced in [0.02, 0.4]",24,0.01,fixed,6,6.218,364.8,522
"7 log-spaced in [0.02, 0.4]",24,0.01,free,6,6.218,28.72,9.888
"7 log-spaced in [0.02, 0.4]",24,0.03,fixed,6,6.218,40.53,58
"7 log-spaced in [0.02, 0.4]",24,0.03,free,6,6.218,3.191,1.099
"7 log-spaced in [0.02, 0.4]",24,0.05,fixed,6,6.218,14.59,20.88
"7 log-spaced in [0.02, 0.4]",24,0.05,free,6,6.218,1.149,0.3955
"7 log-spaced in [0.01, 0.4]",8,0.01,fixed,3,9.49,5.038,21.22
"7 log-spaced in [0.01, 0.4]",8,0.01,free,3,9.49,,
"7 log-spaced in [0.01, 0.4]",8,0.03,fixed,3,9.49,0.5598,2.358
"7 log-spaced in [0.01, 0.4]",8,0.03,free,3,9.49,,
"7 log-spaced in [0.01, 0.4]",8,0.05,fixed,3,9.49,0.2015,0.8489
"7 log-spaced in [0.01, 0.4]",8,0.05,free,3,9.49,,
"7 log-spaced in [0.01, 0.4]",12,0.01,fixed,4,9.49,41.85,127.2
"7 log-spaced in [0.01, 0.4]",12,0.01,free,4,9.49,1.193,1.053
"7 log-spaced in [0.01, 0.4]",12,0.03,fixed,4,9.49,4.65,14.13
"7 log-spaced in [0.01, 0.4]",12,0.03,free,4,9.49,0.1325,0.1169
"7 log-spaced in [0.01, 0.4]",12,0.05,fixed,4,9.49,1.674,5.088
"7 log-spaced in [0.01, 0.4]",12,0.05,free,4,9.49,0.04771,0.0421
"7 log-spaced in [0.01, 0.4]",16,0.01,fixed,5,9.49,202.2,443
"7 log-spaced in [0.01, 0.4]",16,0.01,free,5,9.49,12.75,7.789
"7 log-spaced in [0.01, 0.4]",16,0.03,fixed,5,9.49,22.46,49.22
"7 log-spaced in [0.01, 0.4]",16,0.03,free,5,9.49,1.416,0.8654
"7 log-spaced in [0.01, 0.4]",16,0.05,fixed,5,9.49,8.087,17.72
"7 log-spaced in [0.01, 0.4]",16,0.05,free,5,9.49,0.5099,0.3116
"7 log-spaced in [0.01, 0.4]",24,0.01,fixed,6,9.49,734.9,1168
"7 log-spaced in [0.01, 0.4]",24,0.01,free,6,9.49,76.04,32.03
"7 log-spaced in [0.01, 0.4]",24,0.03,fixed,6,9.49,81.66,129.8
"7 log-spaced in [0.01, 0.4]",24,0.03,free,6,9.49,8.449,3.559
"7 log-spaced in [0.01, 0.4]",24,0.05,fixed,6,9.49,29.4,46.72
"7 log-spaced in [0.01, 0.4]",24,0.05,free,6,9.49,3.042,1.281
"9 log-spaced in [0.003, 0.4]",8,0.01,fixed,4,19.78,18.3,124.6
"9 log-spaced in [0.003, 0.4]",8,0.01,free,4,19.78,0.5168,1.021
"9 log-spaced in [0.003, 0.4]",8,0.03,fixed,4,19.78,2.033,13.85
"9 log-spaced in [0.003, 0.4]",8,0.03,free,4,19.78,0.05742,0.1134
"9 log-spaced in [0.003, 0.4]",8,0.05,fixed,4,19.78,0.7319,4.985
"9 log-spaced in [0.003, 0.4]",8,0.05,free,4,19.78,0.02067,0.04083
"9 log-spaced in [0.003, 0.4]",12,0.01,fixed,5,19.78,88.94,434.1
"9 log-spaced in [0.003, 0.4]",12,0.01,free,5,19.78,5.527,7.559
"9 log-spaced in [0.003, 0.4]",12,0.03,fixed,5,19.78,9.882,48.24
"9 log-spaced in [0.003, 0.4]",12,0.03,free,5,19.78,0.6141,0.8399
"9 log-spaced in [0.003, 0.4]",12,0.05,fixed,5,19.78,3.558,17.37
"9 log-spaced in [0.003, 0.4]",12,0.05,free,5,19.78,0.2211,0.3023
"9 log-spaced in [0.003, 0.4]",16,0.01,fixed,6,19.78,328.1,1145
"9 log-spaced in [0.003, 0.4]",16,0.01,free,6,19.78,33.07,31.11
"9 log-spaced in [0.003, 0.4]",16,0.03,fixed,6,19.78,36.46,127.2
"9 log-spaced in [0.003, 0.4]",16,0.03,free,6,19.78,3.675,3.457
"9 log-spaced in [0.003, 0.4]",16,0.05,fixed,6,19.78,13.13,45.8
"9 log-spaced in [0.003, 0.4]",16,0.05,free,6,19.78,1.323,1.244
"9 log-spaced in [0.003, 0.4]",24,0.01,fixed,7,19.78,1009,2524
"9 log-spaced in [0.003, 0.4]",24,0.01,free,7,19.78,145.5,93.91
"9 log-spaced in [0.003, 0.4]",24,0.03,fixed,7,19.78,112.1,280.5
"9 log-spaced in [0.003, 0.4]",24,0.03,free,7,19.78,16.17,10.43
"9 log-spaced in [0.003, 0.4]",24,0.05,fixed,7,19.78,40.34,101
"9 log-spaced in [0.003, 0.4]",24,0.05,free,7,19.78,5.821,3.756
"9 log-spaced in [0.001, 0.4]",8,0.01,fixed,4,38.66,23.86,273.4
"9 log-spaced in [0.001, 0.4]",8,0.01,free,4,38.66,0.86,3.343
"9 log-spaced in [0.001, 0.4]",8,0.03,fixed,4,38.66,2.652,30.37
"9 log-spaced in [0.001, 0.4]",8,0.03,free,4,38.66,0.09556,0.3715
"9 log-spaced in [0.001, 0.4]",8,0.05,fixed,4,38.66,0.9545,10.93
"9 log-spaced in [0.001, 0.4]",8,0.05,free,4,38.66,0.0344,0.1337
"9 log-spaced in [0.001, 0.4]",12,0.01,fixed,5,38.66,126,944.1
"9 log-spaced in [0.001, 0.4]",12,0.01,free,5,38.66,9.779,23.92
"9 log-spaced in [0.001, 0.4]",12,0.03,fixed,5,38.66,14.01,104.9
"9 log-spaced in [0.001, 0.4]",12,0.03,free,5,38.66,1.087,2.658
"9 log-spaced in [0.001, 0.4]",12,0.05,fixed,5,38.66,5.042,37.76
"9 log-spaced in [0.001, 0.4]",12,0.05,free,5,38.66,0.3912,0.9568
"9 log-spaced in [0.001, 0.4]",16,0.01,fixed,6,38.66,503.9,2449
"9 log-spaced in [0.001, 0.4]",16,0.01,free,6,38.66,62.15,94.8
"9 log-spaced in [0.001, 0.4]",16,0.03,fixed,6,38.66,55.99,272.2
"9 log-spaced in [0.001, 0.4]",16,0.03,free,6,38.66,6.905,10.53
"9 log-spaced in [0.001, 0.4]",16,0.05,fixed,6,38.66,20.16,97.98
"9 log-spaced in [0.001, 0.4]",16,0.05,free,6,38.66,2.486,3.792
"9 log-spaced in [0.001, 0.4]",24,0.01,fixed,7,38.66,1659,5261
"9 log-spaced in [0.001, 0.4]",24,0.01,free,7,38.66,289.6,275
"9 log-spaced in [0.001, 0.4]",24,0.03,fixed,7,38.66,184.4,584.5
"9 log-spaced in [0.001, 0.4]",24,0.03,free,7,38.66,32.18,30.55
"9 log-spaced in [0.001, 0.4]",24,0.05,fixed,7,38.66,66.37,210.4
"9 log-spaced in [0.001, 0.4]",24,0.05,free,7,38.66,11.59,11
