table,kappa,L,y,n,tau_int_m2,replicas,scored,flags,mabs,e_mabs,R4,e_R4,xiL,e_xiL,Spi,e_Spi,sig2,e_sig2,O4,e_O4,Ve_deficit,e_Ve_deficit
K7.1,-0.01,6,2.028,1500,1.067,1,True,,0.0448375,0.00058,1.61039,0.026,0.120235,0.0046,,,,,,,,
K7.1,-0.01,6,2.283,1500,2.775,1,True,,0.0748342,0.0012,1.4762,0.03,0.24277,0.006,,,,,,,,
K7.1,-0.01,6,2.368,1500,5.49,1,True,,0.101563,0.0023,1.42642,0.028,0.337235,0.0093,,,,,,,,
K7.1,-0.01,6,2.41,1300,7.829,1,True,,0.119747,0.0036,1.45364,0.038,0.390627,0.014,,,,,,,,
K7.1,-0.01,6,2.452,1200,7.042,1,True,,0.112716,0.0035,1.41899,0.043,0.335231,0.013,,,,,,,,
K7.1,-0.01,6,2.537,1500,4.096,1,True,,0.0904986,0.0021,1.48866,0.037,0.242992,0.0084,,,,,,,,
K7.1,-0.01,6,2.792,1500,1.605,1,True,,0.0527655,0.00081,1.60115,0.031,0.104341,0.0057,,,,,,,,
K7.1,-0.01,8,2.028,1000,0.9881,1,True,,0.0242014,0.00037,1.6565,0.039,0.091233,0.0061,,,,,,,,
K7.1,-0.01,8,2.283,100,2.679,1,False,,0.050187,0.0036,1.40648,0.11,0.272352,0.027,,,,,,,,
K7.1,-0.01,8,2.41,900,6.439,1,True,,0.0822317,0.0031,1.4077,0.056,0.401089,0.017,,,,,,,,
K7.1,-0.01,8,2.537,900,6.127,1,True,,0.0514836,0.0022,1.74423,0.079,0.193514,0.014,,,,,,,,
K7.1,-0.01,8,2.792,1000,2.976,1,True,,0.0293452,0.0006,1.5558,0.042,0.0725959,0.009,,,,,,,,
grid,-0.04,6,2.028,1400,1.032,1,True,,0.0437668,0.00058,1.62612,0.029,0.109082,0.005,2.8986,0.075,1.27161,0.00059,0.0138207,7.8e-05,0.000450773,1.8e-05
grid,-0.04,6,2.283,1400,33.23,1,False,"tau>N/50,low-acc",0.0751156,0.0049,1.45333,0.1,0.233581,0.018,8.28733,0.91,1.33294,0.0029,0.0309256,0.00049,0.00055363,7.4e-05
grid,-0.04,6,2.368,1400,4.567,1,False,non-stationary,0.080555,0.0021,1.56608,0.05,0.236844,0.0093,9.83709,0.47,1.43936,0.0015,0.0572296,0.0014,0.00077751,3.4e-05
grid,-0.04,6,2.41,1400,62.03,1,False,"tau>N/50,non-stationary,low-acc",0.0854749,0.0077,1.5092,0.16,0.26495,0.027,10.8902,1.8,1.53061,0.0064,0.0776572,0.00095,0.000646325,9.9e-05
grid,-0.04,6,2.452,1400,4.117,1,True,low-acc,0.0731158,0.0018,1.63734,0.044,0.189244,0.0087,8.1477,0.39,1.57407,0.0011,0.0886742,0.00071,0.000595851,2.6e-05
grid,-0.04,6,2.537,1400,25.15,1,True,low-acc,0.05438,0.0021,1.53425,0.047,0.0948403,0.017,4.41521,0.33,1.63223,0.0016,0.0968864,0.00031,0.000346149,2.6e-05
grid,-0.04,6,2.792,1400,1.748,1,True,,0.0429426,0.0007,1.78038,0.046,0.0474293,0.011,2.84858,0.096,1.69122,0.0007,0.0915376,0.00018,0.000300461,1.2e-05
grid,-0.04,8,2.028,1400,1.053,1,True,,0.0250357,0.00034,1.62483,0.032,0.100226,0.0052,3.00839,0.079,1.26875,0.00033,0.0130612,4e-05,0.000139046,6e-06
grid,-0.04,8,2.368,900,4.648,1,True,,0.0460108,0.0015,1.53778,0.05,0.195007,0.011,10.0507,0.59,1.42597,0.0012,0.0533733,0.0026,0.000279009,2e-05
grid,-0.04,8,2.41,900,5.196,1,True,,0.0486345,0.0013,1.4488,0.04,0.193622,0.0093,10.9305,0.56,1.51182,0.0013,0.0737247,0.002,0.000249113,1.7e-05
grid,-0.04,8,2.452,900,3.933,1,True,,0.0410751,0.0012,1.58232,0.053,0.143332,0.0098,8.01805,0.44,1.58123,0.00082,0.092073,0.0011,0.000176325,9.4e-06
grid,-0.01,6,2.028,1400,1.068,1,True,,0.0449088,0.00061,1.61347,0.027,0.121053,0.0048,3.05353,0.078,1.19071,0.00052,0.0125194,6.6e-05,0.000434858,1.9e-05
grid,-0.01,6,2.283,1400,2.779,1,True,,0.0750985,0.0013,1.47695,0.036,0.243407,0.0063,8.27047,0.28,1.23166,0.00066,0.0234737,0.00028,0.000555052,2.2e-05
grid,-0.01,6,2.368,2800,8.764,2,True,,0.0994494,0.0018,1.45263,0.023,0.328015,0.0074,14.5178,0.49,1.27669,0.00071,0.035673,0.00051,0.000684513,1.7e-05
grid,-0.01,6,2.41,2800,10.1,2,True,,0.116346,0.0027,1.47029,0.032,0.376631,0.01,20.0159,0.85,1.32081,0.00084,0.0463003,0.00071,0.000762133,1.9e-05
grid,-0.01,6,2.452,2800,7,2,True,,0.119622,0.0022,1.38132,0.023,0.365209,0.0081,20.571,0.66,1.37539,0.00099,0.0610967,0.0008,0.000868187,2.5e-05
grid,-0.01,6,2.537,1400,4.039,1,True,,0.0916868,0.0022,1.47872,0.037,0.248112,0.0086,12.4081,0.54,1.49178,0.0011,0.0883133,0.00054,0.000560379,2.4e-05
grid,-0.01,6,2.792,1400,1.642,1,True,,0.0526935,0.00084,1.60187,0.032,0.103641,0.006,4.20947,0.13,1.59045,0.00064,0.0945882,0.00022,0.000320201,1.2e-05
grid,-0.01,8,2.028,900,1.043,1,True,,0.0242709,0.00042,1.67635,0.041,0.0936628,0.0067,2.84716,0.094,1.18921,0.00035,0.0120168,4.2e-05,0.00014267,6.7e-06
grid,-0.01,8,2.283,900,2.493,1,True,,0.044372,0.0011,1.61747,0.054,0.224992,0.0085,9.43346,0.45,1.22248,0.00045,0.020331,0.00018,0.000159618,7.8e-06
grid,-0.01,8,2.368,900,5.857,1,True,,0.0695865,0.0023,1.44341,0.044,0.343608,0.014,22.4762,1.3,1.26078,0.00071,0.031992,0.00098,0.000208268,1.1e-05
grid,-0.01,8,2.41,900,8.611,1,True,,0.0849118,0.0036,1.41852,0.065,0.414988,0.019,33.4824,2.5,1.30371,0.00096,0.0422075,0.0015,0.000244184,1.6e-05
grid,-0.01,8,2.452,900,29.33,1,False,tau>N/50,0.0853337,0.0073,1.59223,0.14,0.39273,0.041,34.5903,5.7,1.36752,0.00084,0.0574059,0.0017,0.000284421,2.1e-05
grid,-0.01,8,2.537,900,5.818,1,True,,0.0524529,0.0021,1.68782,0.073,0.200904,0.014,13.3893,1,1.49941,0.00066,0.0893377,0.00066,0.000164294,7.3e-06
grid,-0.01,8,2.792,900,2.92,1,True,,0.0298188,0.00065,1.5464,0.048,0.0781669,0.0091,4.19954,0.18,1.58999,0.00053,0.0944346,0.00014,0.000117084,6.3e-06
grid,0.02,6,2.028,1400,1.092,1,True,,0.0458737,0.00062,1.63218,0.029,0.132052,0.0048,3.2031,0.083,1.11947,0.00054,0.0116762,4.9e-05,0.000459204,1.8e-05
grid,0.02,6,2.283,1400,2.454,1,True,,0.0715891,0.0013,1.57498,0.035,0.23704,0.0063,7.70419,0.27,1.14897,0.00062,0.0194616,0.00015,0.000505527,2e-05
grid,0.02,6,2.368,1400,12.49,1,True,low-acc,0.098532,0.0038,1.51726,0.06,0.335091,0.017,14.352,1,1.17452,0.0013,0.0263419,0.00029,0.000650697,4.3e-05
grid,0.02,6,2.41,1400,4.816,1,True,,0.139268,0.0025,1.25191,0.02,0.47306,0.0098,27.0591,0.86,1.19981,0.00086,0.0334023,0.00037,0.000640742,2.5e-05
grid,0.02,6,2.452,1400,100.4,1,False,"tau>N/50,non-stationary,low-acc",0.152472,0.011,1.18695,0.041,0.483346,0.049,31.4596,4.5,1.24848,0.007,0.045751,0.00087,0.000872149,0.00022
grid,0.02,6,2.537,1400,6.963,1,True,,0.188663,0.0028,1.13477,0.014,0.595724,0.012,48.0082,1.3,1.31756,0.0013,0.0634706,0.00065,0.000770947,2.8e-05
grid,0.02,6,2.792,1400,4.918,1,True,,0.0718096,0.0019,1.57128,0.063,0.184145,0.0089,7.74276,0.39,1.49477,0.00096,0.0956147,0.00029,0.000357283,2e-05
grid,0.02,8,2.368,900,7.637,1,True,,0.071731,0.0026,1.42755,0.049,0.381602,0.017,23.7998,1.5,1.16379,0.00055,0.0232518,0.00022,0.00018742,9.4e-06
grid,0.02,8,2.41,900,10.61,1,True,,0.107492,0.0038,1.24931,0.039,0.554792,0.021,51.0186,3.1,1.18474,0.00099,0.0287883,0.00035,0.000203546,1.1e-05
grid,0.02,8,2.452,900,5.593,1,True,,0.151568,0.002,1.08531,0.0084,0.755091,0.014,96.2411,2.4,1.21773,0.00067,0.0376693,0.0004,0.000233154,1.2e-05
pooled,-0.01,6,2.41,5500,10.1,5,True,,0.116,0.0018,1.45662,0.021,0.373425,0.0066,19.8021,0.54,1.31981,0.00057,0.0468187,0.00051,0.000767264,1.4e-05
pooled,-0.01,8,2.41,6600,16.81,4,True,,0.0815196,0.0016,1.50865,0.028,0.399405,0.0087,31.2391,1.1,1.30319,0.00035,0.0418812,0.00069,0.00026343,7.1e-06
