source,lattice,y,h,n,m,err,m_free,m/m_free,err,dmeff,err,g,err,c=chi_L/free,err,S(pi),err,O4,err
stage1,L8,2.41,0,45,0.196759,0.0091999,1.51946,0.129493,0.00605471,-0.853856,0.00179496,0.72966,0.0337496,0.517411,0.0189445,25.9883,2.33568,0.0354723,0.000638211
stage1,L8,2.41,0.5,45,0.211183,0.0127532,1.5291,0.13811,0.00834037,-0.859718,0.00267174,0.769679,0.0285901,0.574901,0.0119827,14.5089,1.43234,0.0307386,0.000422999
stage1,L8,2.41,1,45,0.332128,0.0163584,1.55628,0.213411,0.0105112,-0.852489,0.00529909,0.784209,0.0151744,0.689729,0.00700205,6.39445,0.443439,0.0234569,0.000469635
stage1,L8,2.41,2,45,0.613928,0.00511471,1.64292,0.373681,0.00311319,-0.808814,0.0027958,0.820576,0.00247779,0.850446,0.00895193,2.91179,0.122457,0.0150755,8.15857e-05
1b,L8,2.41,1.5,46,0.48653,0.00987543,1.59633,0.30478,0.00618633,-0.829464,0.00446784,0.789986,0.00472241,0.768757,0.00953419,3.88073,0.170835,0.0184737,0.00013481
1b,L8,2.41,3,45,0.764128,0.0043457,1.7306,0.441539,0.00251109,-0.801065,0.00279748,0.866971,0.0020091,0.92034,0.00941182,2.13497,0.0722549,0.010431,4.96586e-05
stage1,L6,2.41,0,225,0.391887,0.00841889,0.962424,0.407187,0.00874759,-0.330566,0.00313895,0.735143,0.00766147,0.568363,0.00814787,10.1976,0.831741,0.0301887,0.000375309
stage1,L6,2.41,0.5,225,0.406644,0.00872601,0.962424,0.422521,0.0090667,-0.324968,0.00337183,0.765358,0.00793295,0.607129,0.00768215,8.90272,0.619506,0.0284634,0.000310797
stage1,L6,2.41,1,225,0.452706,0.00430322,0.962424,0.470381,0.00447124,-0.306314,0.00182583,0.781402,0.00368051,0.674363,0.00470726,5.53363,0.396739,0.0236095,0.000180514
stage1,L6,2.41,2,225,0.569319,0.0024332,0.962424,0.591547,0.0025282,-0.251468,0.00125288,0.842892,0.00199543,0.800117,0.00314925,2.87064,0.129753,0.0153942,6.83416e-05
1b,L6,2.41,1.5,225,0.510875,0.00338401,0.962424,0.530821,0.00351614,-0.280279,0.00159302,0.814801,0.00324449,0.747517,0.00372421,3.69078,0.144975,0.0188413,0.000105709
1b,L6,2.41,3,225,0.644949,0.00200882,0.962424,0.67013,0.00208725,-0.210483,0.00114149,0.88682,0.00139673,0.880324,0.00329196,2.23331,0.0815985,0.0105841,3.87268e-05
stage1,L6x12,2.41,0,56,0.3266,0.0218467,nan,,,0.303233,0.00704754,0.677344,0.0142672,0.562744,0.0114235,12.1184,0.845547,0.0308061,0.000525673
stage1,L6x12,2.41,0.5,56,0.358857,0.0114321,nan,,,0.306683,0.00396741,0.69008,0.00966254,0.587145,0.0101794,8.65321,0.74047,0.0283194,0.000386373
stage1,L6x12,2.41,1,56,0.415819,0.00590246,nan,,,0.306356,0.00232181,0.730205,0.00581288,0.637288,0.0204102,5.15489,0.30082,0.0227876,0.000164498
stage1,L6x12,2.41,2,56,0.474837,0.00133374,nan,,,0.248879,0.000589886,0.81727,0.00302498,0.697637,0.0213871,2.75186,0.107889,0.015015,7.49798e-05
1b,L6x12,2.41,1.5,112,0.448568,0.00220276,nan,,,0.284854,0.000926968,0.775922,0.00249502,0.71154,0.0167306,3.70868,0.16331,0.0188418,0.000113482
1b,L6x12,2.41,3,112,0.526305,0.00207048,nan,,,0.14578,0.000999186,0.867009,0.00175416,0.813206,0.0147199,2.16392,0.0660739,0.0105098,3.3909e-05
1c,L6,2.41,0.25,225,0.385528,0.0100879,0.962424,0.40058,0.0104818,-0.33292,0.00370621,0.752209,0.0101335,0.581249,0.00964563,9.81006,0.851729,0.0301137,0.000541017
1c,L6,2.41,0.5,225,0.410762,0.00825889,0.962424,0.426799,0.00858135,-0.323373,0.0032145,0.753169,0.00628739,0.603651,0.00599076,8.26503,0.533075,0.0279245,0.000279579
1c,L6,2.41,0.75,225,0.427017,0.00566869,0.962424,0.443689,0.00589002,-0.316936,0.00228437,0.774812,0.00484644,0.648791,0.0051984,6.37725,0.38417,0.0256225,0.000209638
TH:SYM0,L6,2,0,88,0.79061,0.00158106,0.962424,0.821478,0.00164279,-0.120922,0.00104151,0.9137,0.00150378,0.891867,0.00171899,2.26655,0.124016,0.0113571,6.13467e-05
TH:SYM3,L6,2,3,88,0.824073,0.000954183,0.962424,0.856248,0.000991438,-0.0985658,0.000646258,0.952357,0.00108175,0.95066,0.0018199,1.67544,0.0921507,0.00609597,2.75869e-05
TH:SMG0,L6,3,0,225,0.76326,0.00221832,0.962424,0.79306,0.00230493,-0.138725,0.00142641,0.0124999,0.000128941,0.00187425,0.000284412,3.23272,0.139422,0.0865725,0.000204092
TH:SMG2,L6,3,2,225,0.712499,0.00175749,0.962424,0.740317,0.00182611,-0.170592,0.00107603,0.0146396,0.00016403,0.00764472,0.000590849,3.06618,0.167882,0.0857847,0.000200153
TH:Y3H3,L6,3,3,88,0.609629,0.0044944,0.962424,0.633431,0.00466988,-0.230126,0.00244617,0.0203798,0.000696053,0.0164334,0.00142518,2.70952,0.251994,0.0856424,0.000553179
