lattice,y,h,samples,t,m_cosh light pair channel,err,free,S(pi),err,|Sigma_stag|,err,GL_p0/free,err
8^4,2.41,0,stored,3,0.196759,0.0091999,1.51946,25.9883,2.33568,0.0738034,0.00353787,0.72966,0.0337496
8^4,2.41,0.5,stored,3,0.211183,0.0127532,1.5291,14.5089,1.43234,0.0546611,0.00263732,0.769679,0.0285901
8^4,2.41,1,stored,3,0.332128,0.0163584,1.55628,6.39445,0.443439,0.0362363,0.0013166,0.784209,0.0151744
8^4,2.41,1.5,new,3,0.48653,0.00987543,1.59633,3.88073,0.170835,0.0284068,0.000596598,0.789986,0.00472241
8^4,2.41,2,stored,3,0.613928,0.00511471,1.64292,2.91179,0.122457,0.0244329,0.000568848,0.820576,0.00247779
8^4,2.41,3,new,3,0.764128,0.0043457,1.7306,2.13497,0.0722549,0.0210569,0.000383795,0.866971,0.0020091
8^4,3,0,stored,3,0.716306,0.00152829,1.51946,3.02163,0.122141,0.0250936,0.000516752,0.0028425,5.47456e-05
8^4,3,0.5,stored,3,0.715659,0.00179176,1.5291,3.00665,0.154563,0.024878,0.000667771,0.00297214,5.80893e-05
8^4,3,1,stored,3,0.720057,0.00111153,1.55628,3.2848,0.162602,0.0259644,0.000674369,0.00318265,6.48459e-05
8^4,3,1,new,3,0.715994,0.000469186,1.55628,3.04852,0.110288,0.0252801,0.000477851,0.00302643,3.6315e-05
8^4,3,2,stored,3,0.712464,0.00103597,1.64292,2.9075,0.123107,0.0245529,0.000560509,0.0032882,5.91644e-05
8^4,3,2,new,3,0.712378,0.000880142,1.64292,2.73503,0.105901,0.0240358,0.000495264,0.00337656,4.84612e-05
6^4,2.41,0,stored,2,0.391887,0.00841889,0.962424,10.1976,0.831741,0.0823724,0.00322444,0.735143,0.00766147
6^4,2.41,0.5,stored,2,0.406644,0.00872601,0.962424,8.90272,0.619506,0.0767121,0.00267421,0.765358,0.00793295
6^4,2.41,1,stored,2,0.452706,0.00430322,0.962424,5.53363,0.396739,0.0601944,0.00223663,0.781402,0.00368051
6^4,2.41,1.5,new,2,0.510875,0.00338401,0.962424,3.69078,0.144975,0.0492325,0.00101609,0.814801,0.00324449
6^4,2.41,2,stored,2,0.569319,0.0024332,0.962424,2.87064,0.129753,0.0433444,0.00100014,0.842892,0.00199543
6^4,2.41,3,new,2,0.644949,0.00200882,0.962424,2.23331,0.0815985,0.0383399,0.000707821,0.88682,0.00139673
6^4,3,0,stored,2,0.76326,0.00221832,0.962424,3.23272,0.139422,0.0459152,0.00099463,0.0124999,0.000128941
6^4,3,0.5,stored,2,0.761301,0.00287412,0.962424,3.00877,0.147191,0.044648,0.00101354,0.0126081,0.000132812
6^4,3,1,stored,2,0.752305,0.00203962,0.962424,3.01081,0.164329,0.0440827,0.0011106,0.0127515,0.000128977
6^4,3,1,new,2,0.752537,0.00204763,0.962424,3.09262,0.151336,0.0449406,0.00108872,0.0130244,0.000165789
6^4,3,2,stored,2,0.712499,0.00175749,0.962424,3.06618,0.167882,0.0445176,0.00124685,0.0146396,0.00016403
6^4,3,2,new,2,0.704397,0.00186339,0.962424,2.73064,0.0967275,0.0424886,0.000770797,0.0147611,0.000197664
6^3x12,2.41,0,stored,5,0.3266,0.0218467,nan,12.1184,0.845547,0.0631321,0.00240476,0.677344,0.0142672
6^3x12,2.41,0.5,stored,5,0.358857,0.0114321,nan,8.65321,0.74047,0.0533575,0.00220176,0.69008,0.00966254
6^3x12,2.41,1,stored,5,0.415819,0.00590246,nan,5.15489,0.30082,0.0407016,0.00124199,0.730205,0.00581288
6^3x12,2.41,1.5,new,5,0.448568,0.00220276,nan,3.70868,0.16331,0.0348978,0.000835609,0.775922,0.00249502
6^3x12,2.41,2,stored,5,0.474837,0.00133374,nan,2.75186,0.107889,0.0299352,0.000604363,0.81727,0.00302498
6^3x12,2.41,3,new,5,0.526305,0.00207048,nan,2.16392,0.0660739,0.0265188,0.00042899,0.867009,0.00175416
6^3x12,3,0,stored,5,0.423224,0.00333956,nan,2.95079,0.135492,0.0310065,0.000741707,0.00593087,0.000108355
6^3x12,3,0.5,stored,5,0.420495,0.00361344,nan,3.13929,0.164516,0.0321826,0.00086896,0.00599899,0.000107403
6^3x12,3,1,stored,5,0.428536,0.00316817,nan,2.93229,0.134265,0.031038,0.000706668,0.00596241,0.000111514
6^3x12,3,2,stored,5,0.457799,0.00444998,nan,3.03708,0.124379,0.0316173,0.000662708,0.00702283,0.00010134
